{
  "userId":"linghb",
  "sampleId": "10",
  "jobName": "test",
  "modelClass": "org.apache.spark.ml.classification.LogisticRegression",
  "modelTye": "LR",
  "syncopat": "1",
  "totalDataSet": "",
  "kFolds": "3",
  "evaluator": "org.apache.spark.ml.evaluation.BinaryClassificationEvaluator",
  "params": "[{\"elasticNetParam\":\"0.0,0.5,1.0\",\"scalaClass\":\"Double\"},{\"regParam\":\"0.1,0.2\", \"scalaClass\":\"Double\"}]",
  "testDataSet": "D:/ideaworkspace/stargate-pipeline/src/main/resources/test.txt",
  "trainDataSet": "D:/ideaworkspace/stargate-pipeline/src/main/resources/train.txt"
}
