{
  "userId":"linghb",
  "sampleId": "10",
  "jobName": "test",
  "modelClass": "org.apache.spark.ml.classification.LogisticRegression",
  "rootPath": "http://10.2.24.12:9000/user/mlp",
  "syncopat": "0",
  "testPercent": "0.1",
  "totalDataSet": "D:/ideaworkspace/stargate-pipeline/src/main/resources/train.txt,D:/ideaworkspace/stargate-pipeline/src/main/resources/train.txt",
  "kFolds": "3",
  "evaluator": "org.apache.spark.ml.evaluation.BinaryClassificationEvaluator",
  "params": "[{\"elasticNetParam\":\"0.0,0.5,1.0\",\"scalaClass\":\"Double\"},{\"regParam\":\"0.0,0.1,0.2\", \"scalaClass\":\"Double\"}]"
}
